{
  "properties": {
    "connectionReferences": {
      "shared_commondataserviceforapps": {
        "runtimeSource": "embedded",
        "connection": {
          "connectionReferenceLogicalName": "ya_sharedcommondataserviceforapps_b908e"
        },
        "api": {
          "name": "shared_commondataserviceforapps"
        }
      }
    },
    "definition": {
      "$schema": "https://schema.management.azure.com/providers/Microsoft.Logic/schemas/2016-06-01/workflowdefinition.json#",
      "contentVersion": "1.0.0.0",
      "parameters": {
        "$connections": {
          "defaultValue": {},
          "type": "Object"
        },
        "$authentication": {
          "defaultValue": {},
          "type": "SecureObject"
        }
      },
      "triggers": {
        "manual": {
          "metadata": {
            "operationMetadataId": "f01abbd2-72d3-49bc-8753-f5c9e18e20cd"
          },
          "type": "Request",
          "kind": "PowerAppV2",
          "inputs": {
            "schema": {
              "type": "object",
              "properties": {},
              "required": []
            }
          }
        }
      },
      "actions": {
        "共有するレコードを取得": {
          "actions": {
            "Topicを一覧にする": {
              "runAfter": {},
              "metadata": {
                "operationMetadataId": "f827bf47-71e9-4b9f-a369-925a4edf06e4"
              },
              "type": "OpenApiConnection",
              "inputs": {
                "host": {
                  "connectionName": "shared_commondataserviceforapps",
                  "operationId": "ListRecords",
                  "apiId": "/providers/Microsoft.PowerApps/apis/shared_commondataserviceforapps"
                },
                "parameters": {
                  "entityName": "ya_topics",
                  "$top": 2
                },
                "authentication": "@parameters('$authentication')"
              }
            },
            "ID_で行を取得する": {
              "runAfter": {
                "Topicを一覧にする": [
                  "Succeeded"
                ]
              },
              "metadata": {
                "operationMetadataId": "8150e64c-d180-4ee8-ba48-760eed0358ae"
              },
              "type": "OpenApiConnection",
              "inputs": {
                "host": {
                  "connectionName": "shared_commondataserviceforapps",
                  "operationId": "GetItem",
                  "apiId": "/providers/Microsoft.PowerApps/apis/shared_commondataserviceforapps"
                },
                "parameters": {
                  "entityName": "ya_topics",
                  "recordId": "@first(skip(outputs('Topicを一覧にする')?['body/value'],1))?['ya_topicid']"
                },
                "authentication": "@parameters('$authentication')"
              },
              "description": "first(skip(outputs('Topicを一覧にする')?['body/value'],1))?['ya_topicid']"
            },
            "割り当てるレコード": {
              "runAfter": {
                "ID_で行を取得する": [
                  "Succeeded"
                ]
              },
              "metadata": {
                "operationMetadataId": "500941e8-29e7-44e0-81f3-553a9b02abc3"
              },
              "type": "Compose",
              "inputs": "@outputs('ID_で行を取得する')?['body/ya_topicid']",
              "description": "outputs('ID_で行を取得する')?['body/@odata.editLink'] -> ya_topics(GUID)"
            }
          },
          "runAfter": {},
          "metadata": {
            "operationMetadataId": "490c344f-9501-49a6-a262-7217edf1bac8"
          },
          "type": "Scope"
        },
        "共有するユーザーを取得": {
          "actions": {
            "ユーザーを一覧にする": {
              "runAfter": {},
              "metadata": {
                "operationMetadataId": "c9eb30a8-d162-46db-8770-89eeed70d3a7"
              },
              "type": "OpenApiConnection",
              "inputs": {
                "host": {
                  "connectionName": "shared_commondataserviceforapps",
                  "operationId": "ListRecords",
                  "apiId": "/providers/Microsoft.PowerApps/apis/shared_commondataserviceforapps"
                },
                "parameters": {
                  "entityName": "systemusers",
                  "$filter": "fullname eq 'Vance Adele'"
                },
                "authentication": "@parameters('$authentication')"
              }
            },
            "共有するユーザー": {
              "runAfter": {
                "ユーザーを一覧にする": [
                  "Succeeded"
                ]
              },
              "metadata": {
                "operationMetadataId": "a93c6471-767b-47b3-8966-5f48006390f4"
              },
              "type": "Compose",
              "inputs": "@first(outputs('ユーザーを一覧にする')?['body/value'])?['systemuserid']",
              "description": "first(outputs('ユーザーを一覧にする')?['body/value'])?['systemuserid'] -> GUID"
            }
          },
          "runAfter": {
            "共有するレコードを取得": [
              "Succeeded"
            ]
          },
          "metadata": {
            "operationMetadataId": "7bedf985-3602-4cfb-8fe1-1b235b0afe29"
          },
          "type": "Scope"
        },
        "ユーザーに割り当てる": {
          "actions": {
            "行を更新する": {
              "runAfter": {},
              "metadata": {
                "operationMetadataId": "33f3c741-1e07-4c03-a915-52a0425789dd"
              },
              "type": "OpenApiConnection",
              "inputs": {
                "host": {
                  "connectionName": "shared_commondataserviceforapps",
                  "operationId": "UpdateRecord",
                  "apiId": "/providers/Microsoft.PowerApps/apis/shared_commondataserviceforapps"
                },
                "parameters": {
                  "entityName": "ya_topics",
                  "recordId": "@outputs('割り当てるレコード')",
                  "item/ownerid@odata.bind": "/systemusers/@{outputs('共有するユーザー')}"
                },
                "authentication": "@parameters('$authentication')"
              },
              "description": "/systemusers/が必要"
            }
          },
          "runAfter": {
            "共有するユーザーを取得": [
              "Succeeded"
            ]
          },
          "metadata": {
            "operationMetadataId": "8c1f67ee-8063-44a3-8eac-14bc6d764e77"
          },
          "type": "Scope"
        }
      }
    },
    "templateName": ""
  },
  "schemaVersion": "1.0.0.0"
}